College Name,City,State,Type,Major Subjects,GRE score ,Gmat score,Enrolled Students,Faculties,Average Fees ($), Size,Campus_Type,Graduation rate,Placement Rate,Year Founded,Sports
Adelphi University,Garden City,New York,Private,"Psychology, Nursing",299,500,56010,1200,15537,Very Large,Suburban,99,86,1896,"Football, Basketball, Volleyball, Badminton, Tennis, Cricket"
Alliant International University,San Diego,California,Private,"Computer_Science, Business",290,570,63530,1367,20587,Large,Urban,97,97,2001,"Football, Basketball, Badminton, Cricket"
American University,"Washington, D.C.",District of Columbia,Private,"Psychology, Business",304,610,55587,2249,16483,Large,Rural,83,99,1893,"Football, Basketball, Badminton, Cricket"
Andrews University,Berrien Springs,Michigan,Private,"Biology, Health_Sciences",280,600,55878,1438,21129,Medium,Suburban,83,94,1874,"Football,Volleyball, Badminton, Cricket"
Arizona State University,Tempe,Arizona,Public,"Biology, Computer_Science, Mathematics",310,700,59950,1911,20079,Medium,Suburban,91,93,1885,"Football,Volleyball, Badminton, Cricket"
Arkansas State University,Jonesboro,Arkansas,Public,"Agriculture, Nursing",280,450,56169,1596,19252,Small,Rural,91,92,1909,"Basketball, Badminton, Cricket"
Auburn University,Auburn,Alabama,Private,"Health_Science, Business",309,605,60963,2344,21322,Small,Urban,94,80,1856,"Basketball, Badminton, Cricket"
Augusta University,Augusta,Georgia,Private,"Nursing, Psychology",300,550,61710,1737,17723,Medium,Urban,92,90,1828,"Football,Volleyball, Badminton, Cricket"
Aurora University,Aurora,Illinois,Private,"Psychology, Computer_Science",309,560,58680,1341,19963,Very Large,Suburban,100,78,1893,"Football, Basketball, Volleyball, Badminton, Tennis, Cricket"
Azusa Pacific University,Azusa,California,Private,"Biology, Physics",300,500,60489,2105,16429,Small,Suburban,90,85,1899,"Basketball, Badminton, Cricket"
Baker University,Baldwin City,Kansas,Private,"Business, Agriculture",267,710,58720,2304,18354,Very Large,Suburban,87,76,1858,"Football, Basketball, Volleyball, Badminton, Tennis, Cricket"
Ball State University,Muncie,Indiana,Private,"Physics, Health_Science, Biology",149,450,60984,1231,19563,Large,Suburban,83,81,1918,"Football, Basketball, Badminton, Cricket"
Barry University,Miami Shores,Florida,Private,"Nursing, Business",300,425,60870,1615,21556,Very Large,Rural,92,82,1940,"Football, Basketball, Volleyball, Badminton, Tennis, Cricket"
Baylor University,Waco,Texas,Private,"Psychology, Agriculture",309,624,62404,1473,16562,Medium,Rural,88,77,1845,"Football,Volleyball, Badminton, Cricket"
Bellarmine University,Louisville,Kentucky,Private,"Business, Nursing, Computer_Science",290,460,56966,1374,18288,Small,Urban,91,80,1950,"Basketball, Badminton, Cricket"
Belmont University,Nashville,Tennessee,Private,"Criminal_Justice, Health_Science",300,620,58866,1488,19985,Very Large,Suburban,97,76,1890,"Football, Basketball, Volleyball, Badminton, Tennis, Cricket"
Benedictine University,Lisle,Illinois,Private,"Psychology, Nursing",299,550,61015,1671,21663,Small,Suburban,87,75,1887,"Basketball, Badminton, Cricket"
Bethel University (MN),St. Paul,Minnesota,Private,"Business, Physics",310,710,52895,1729,20168,Very Large,Rural,90,99,1871,"Football, Basketball, Volleyball, Badminton, Tennis, Cricket"
Binghamton University--SUNY,Binghamton,New York,Public,"Computer_Science, Business, Design",312,600,58843,1964,21322,Small,Rural,100,80,1946,"Basketball, Badminton, Cricket"
Biola University,La Mirada,California,Private,"Biology, Psychology",290,525,43022,2326,15819,Very Large,Suburban,96,85,1908,"Football, Basketball, Volleyball, Badminton, Tennis, Cricket"
Boise State University,Boise,Idaho,Private,"Business, Nursing",300,550,55468,2203,18094,Medium,Suburban,90,94,1932,"Football,Volleyball, Badminton, Cricket"
Boston College,Chestnut Hill,Massachusetts,Private,"Psychology, Business, Agriculture",307,640,44115,1829,19446,Medium,Suburban,85,94,1863,"Football,Volleyball, Badminton, Cricket"
Boston University,Boston,Massachusetts,Private,"Physics, Criminal_Justice",325,710,59957,2315,18611,Medium,Suburban,93,78,1839,"Football,Volleyball, Badminton, Cricket"
Bowling Green State University,Bowling Green,Ohio,Private,"Design, Computer_Science, Health_Science",300,550,53232,2443,18673,Large,Suburban,95,97,1910,"Football, Basketball, Badminton, Cricket"
Brandeis University,Waltham,Massachusetts,Private,"Psychology, Biology",307,604,58924,1406,18150,Very Large,Rural,83,82,1948,"Football, Basketball, Volleyball, Badminton, Tennis, Cricket"
Brandman University,Irvine,California,Private,"Agriculture, Nursing",295,610,53666,2455,18435,Large,Urban,87,92,1958,"Football, Basketball, Badminton, Cricket"
Brigham Young University--Provo,Provo,Utah,Private,"Business, Health_Science, Criminal_Justice",274,680,60275,1759,18669,Large,Rural,98,77,1875,"Football, Basketball, Badminton, Cricket"
Brown University,Providence,Rhode Island,Private,"Biology, Computer_Science",300,700,56500,1985,15067,Very Large,Urban,93,89,1764,"Football, Basketball, Volleyball, Badminton, Tennis, Cricket"
California Institute of Technology,Pasadena,California,Private,"Design, Physics",322,620,63000,1298,16455,Medium,Urban,93,89,1891,"Football,Volleyball, Badminton, Cricket"
California State University--Fresno,Fresno,California,Public,"Agriculture, Business",308,530,44196,1745,17477,Large,Suburban,98,78,1911,"Football, Basketball, Badminton, Cricket"
Campbell University,Buies Creek,North Carolina,Private,"Criminal_Justice, Psychology",298,450,28658,1893,15034,Medium,Urban,90,86,1887,"Football,Volleyball, Badminton, Cricket"
Cardinal Stritch University,Milwaukee,Wisconsin,Private,"Nursing, Biology",300,607,36776,2297,17904,Large,Rural,98,97,1937,"Football, Basketball, Badminton, Cricket"
Carnegie Mellon University,Pittsburgh,Pennsylvania,Private,"Computer_Science, Physics",324,705,59770,1272,17775,Large,Urban,90,85,1900,"Football, Basketball, Badminton, Cricket"
Carson-Newman University,Jefferson City,Tennessee,Private,"Health_Science, Design",299,550,44487,1315,21608,Small,Suburban,100,85,1851,"Basketball, Badminton, Cricket"
Case Western Reserve University,Cleveland,Ohio,Private,"Agriculture, Business",314,637,59344,2457,21359,Medium,Urban,95,96,1826,"Football,Volleyball, Badminton, Cricket"
Central Michigan University,Mount Pleasant,Michigan,Private,"Nursing, Criminal_Justice",299,513,61706,2275,15459,Small,Urban,88,99,1892,"Basketball, Badminton, Cricket"
Chapman University,Orange,California,Private,"Business, Psychology, Physics",303,623,43709,2176,18523,Large,Suburban,83,76,1861,"Football, Basketball, Badminton, Cricket"
Chatham University,Pittsburgh,Pennsylvania,Private,"Physics, Health_Science",306,610,33794,2130,15163,Medium,Rural,98,86,1869,"Football,Volleyball, Badminton, Cricket"
Clark Atlanta University,Atlanta,Georgia,Private,"Psychology, Biology",290,318,44408,1390,20892,Very Large,Suburban,93,96,1988,"Football, Basketball, Volleyball, Badminton, Tennis, Cricket"
Clark University,Worcester,Massachusetts,Private,"Computer_Science, Business, Design",302,580,40032,1898,18883,Medium,Rural,98,89,1887,"Football,Volleyball, Badminton, Cricket"
Clarke University,Dubuque,Iowa,Private,"Nursing, Criminal_Justice",299,590,46467,2313,18909,Small,Urban,99,83,1843,"Basketball, Badminton, Cricket"
Clarkson University,Potsdam,New York,Private,"Business, Physics",299,550,59816,2330,21594,Very Large,Rural,83,97,1896,"Football, Basketball, Volleyball, Badminton, Tennis, Cricket"
Clemson University,Clemson,South Carolina,Private,"Design, Mathematics",293,560,60391,1746,18287,Very Large,Rural,93,83,1889,"Football, Basketball, Volleyball, Badminton, Tennis, Cricket"
Cleveland State University,Cleveland,Ohio,Private,"Nursing, Biology",299,500,54020,2253,21349,Small,Suburban,100,91,1964,"Basketball, Badminton, Cricket"
Colorado School of Mines,Golden,Colorado,Private,"Criminal_Justice, Psychology",160,640,60814,1861,20857,Small,Suburban,86,84,1874,"Basketball, Badminton, Cricket"
Colorado State University,Fort Collins,Colorado,Public,"Computer_Science, Health_Science",274,550,38608,2400,21333,Very Large,Rural,99,84,1870,"Football, Basketball, Volleyball, Badminton, Tennis, Cricket"
Colorado Technical University,Colorado Springs,Colorado,Private,"Business, Agriculture",260,640,34316,2385,19358,Very Large,Urban,88,99,1965,"Football, Basketball, Volleyball, Badminton, Tennis, Cricket"
Columbia University,New York,New York,Private,"Design, Criminal_Justice",326,729,31120,2267,17408,Small,Urban,97,79,1754,"Basketball, Badminton, Cricket"
Concordia University Wisconsin,Mequon,Wisconsin,Private,"Nursing, Mathematics",260,580,57470,1318,17651,Small,Suburban,90,77,1881,"Basketball, Badminton, Cricket"
Cornell University,Ithaca,New York,Private,"Design, Biology",322,760,57592,2377,19556,Very Large,Urban,88,87,1865,"Football, Basketball, Volleyball, Badminton, Tennis, Cricket"
Creighton University,Omaha,Nebraska,Public,"Psychology, Computer_Science",310,670,35019,2405,16416,Small,Rural,86,83,1878,"Basketball, Badminton, Cricket"
CUNY--City College,New York,New York,Private,"Health_Science, Psychology",299,550,59702,1490,21200,Small,Urban,91,91,1847,"Basketball, Badminton, Cricket"
Daemen College,Amherst,New York,Private,"Nursing, Business, Mathematics",274,607,28794,2225,21594,Small,Rural,96,82,1947,"Basketball, Badminton, Cricket"
Dallas Baptist University,Dallas,Texas,Private,"Business, Agriculture",207,425,59900,1464,15126,Small,Urban,96,86,1898,"Basketball, Badminton, Cricket"
Dartmouth College,Hanover,New Hampshire,Private,"Computer_Science, Physics",282,726,21683,1408,20271,Very Large,Suburban,89,76,1769,"Football, Basketball, Volleyball, Badminton, Tennis, Cricket"
Delaware State University,Dover,Delaware,Public,"Business, Nursing",256,445,58526,1621,19219,Large,Rural,97,95,1891,"Football, Basketball, Badminton, Cricket"
DePaul University,Chicago,Illinois,Private,"Health_Science, Design",205,570,55860,1674,18401,Small,Rural,90,95,1898,"Basketball, Badminton, Cricket"
Drake University,Des Moines,Iowa,Private,"Business, Psychology, Physics",279,640,54760,2375,21866,Medium,Rural,94,96,1881,"Football,Volleyball, Badminton, Cricket"
Drexel University,Philadelphia,Pennsylvania,Private,"Mathematics, Nursing",310,570,57591,1529,16289,Medium,Suburban,86,75,1891,"Football,Volleyball, Badminton, Cricket"
Duke University,Durham,North Carolina,Private,"Psychology, Biology",317,710,38636,1426,21456,Very Large,Suburban,90,94,1838,"Football, Basketball, Volleyball, Badminton, Tennis, Cricket"
Duquesne University,Pittsburgh,Pennsylvania,Private,"Business, Nursing, Agriculture",305,500,34124,1894,20705,Very Large,Rural,96,81,1878,"Football, Basketball, Volleyball, Badminton, Tennis, Cricket"
D'Youville College,Buffalo,New York,Private,"Nursing, Business",280,450,39906,1816,19563,Medium,Suburban,97,81,1908,"Football,Volleyball, Badminton, Cricket"
East Carolina University,Greenville,North Carolina,Private,"Design, Criminal_Justice",270,450,59870,1479,15230,Small,Urban,95,96,1907,"Basketball, Badminton, Cricket"
East Tennessee State University,Johnson City,Tennessee,Private,"Psychology, Computer_Science",304,535,36476,1761,19466,Small,Urban,99,84,1911,"Basketball, Badminton, Cricket"
Eastern Michigan University,Ypsilanti,Michigan,Private,"Business, Agriculture",310,550,33005,1250,20662,Very Large,Urban,91,75,1849,"Football, Basketball, Volleyball, Badminton, Tennis, Cricket"
Edgewood College,Madison,Wisconsin,Private,"Biology, Health_Science",300,430,41192,1234,17428,Very Large,Rural,84,91,1927,"Football, Basketball, Volleyball, Badminton, Tennis, Cricket"
Elon University,Elon,North Carolina,Private,"Business, Psychology, Mathematics",297,500,55531,1235,19045,Large,Rural,94,78,1889,"Football, Basketball, Badminton, Cricket"
Emory University,Atlanta,Georgia,Private,"Computer_Science, Physics",310,709,55776,1291,21937,Medium,Rural,90,86,1836,"Football,Volleyball, Badminton, Cricket"
Ferris State University,Big Rapids,Michigan,Private,"Criminal_Justice, Nursing",290,562,38354,1763,17546,Small,Urban,96,95,1884,"Basketball, Badminton, Cricket"
Florida A&M University,Tallahassee,Florida,Private,"Health_Science, Psychology",300,700,60236,1998,18339,Medium,Rural,87,83,1887,"Football,Volleyball, Badminton, Cricket"
Florida Atlantic University,Boca Raton,Florida,Private,"Mathematics, Design",325,500,40087,1754,17670,Very Large,Rural,93,93,1961,"Football, Basketball, Volleyball, Badminton, Tennis, Cricket"
Florida Institute of Technology,Melbourne,Florida,Private,"Business, Agriculture",299,500,36964,1283,15885,Large,Rural,86,84,1958,"Football, Basketball, Badminton, Cricket"
Florida International University,Miami,Florida,Private,"Psychology, Biology",257,550,33843,2002,20323,Small,Rural,95,97,1965,"Basketball, Badminton, Cricket"
Florida State University,Tallahassee,Florida,Private,"Design, Criminal_Justice",301,545,47500,1785,18808,Very Large,Rural,93,95,1851,"Football, Basketball, Volleyball, Badminton, Tennis, Cricket"
Fordham University,New York,New York,Private,"Business, Psychology",310,650,50232,1996,17871,Medium,Rural,96,86,1841,"Football,Volleyball, Badminton, Cricket"
Gallaudet University,"Washington, D.C.",District of Columbia,Private,"Mathematics, Health_Science",160,640,37712,2404,17086,Small,Suburban,93,90,1864,"Basketball, Badminton, Cricket"
Gannon University,Erie,Pennsylvania,Private,"Nursing, Business",274,550,53051,1601,17496,Very Large,Rural,93,94,1925,"Football, Basketball, Volleyball, Badminton, Tennis, Cricket"
Gardner-Webb University,Boiling Springs,North Carolina,Private,"Biology, Health_Science",260,640,33253,1507,16130,Medium,Rural,96,79,1905,"Football,Volleyball, Badminton, Cricket"
George Fox University,Newberg,Oregon,Private,"Physics, Computer_Science",326,729,51334,2292,21451,Large,Suburban,95,77,1891,"Football, Basketball, Badminton, Cricket"
George Mason University,Fairfax,Virginia,Private,"Business, Nursing, Agriculture",260,580,6120,1439,20622,Large,Rural,100,86,1957,"Football, Basketball, Badminton, Cricket"
George Washington University,"Washington, D.C.",District of Columbia,Private,"Mathematics, Design",322,760,48470,2379,21164,Small,Rural,99,89,1821,"Basketball, Badminton, Cricket"
Georgetown University,"Washington, D.C.",District of Columbia,Private,"Business, Biology",310,670,29916,1633,19037,Medium,Urban,89,84,1789,"Football,Volleyball, Badminton, Cricket"
Georgia Institute of Technology,Atlanta,Georgia,Private,"Computer_Science, Physics",299,550,27909,1471,17153,Very Large,Rural,87,86,1885,"Football, Basketball, Volleyball, Badminton, Tennis, Cricket"
Georgia Southern University,Statesboro,Georgia,Private,"Business, Nursing",274,607,39800,2258,20482,Small,Rural,96,77,1906,"Basketball, Badminton, Cricket"
Georgia State University,Atlanta,Georgia,Private,"Health_Science, Design",207,425,38725,2254,17401,Small,Rural,87,85,1913,"Basketball, Badminton, Cricket"
Gonzaga University,Spokane,Washington,Private,"Criminal_Justice, Health_Science",282,726,28916,1258,17064,Large,Suburban,88,83,1887,"Football, Basketball, Badminton, Cricket"
Grand Canyon University,Phoenix,Arizona,Private,"Agriculture, Mathematics",256,445,45766,1790,19756,Medium,Urban,97,80,1949,"Football,Volleyball, Badminton, Cricket"
Hampton University,Hampton,Virginia,Private,"Psychology, Biology",205,570,39766,1919,17970,Medium,Rural,99,85,1868,"Football,Volleyball, Badminton, Cricket"
Harding University,Searcy,Arkansas,Private,"Biology, Health_Science, Design",279,640,56920,1443,17527,Small,Rural,94,86,1924,"Basketball, Badminton, Cricket"
Harvard University,Cambridge,Massachusetts,Private,"Mathematics, Biology",310,570,51660,1485,18151,Small,Urban,83,81,1636,"Basketball, Badminton, Cricket"
Hofstra University,Hempstead,New York,Private,"Business, Psychology",317,710,43496,1624,17396,Medium,Urban,93,76,1935,"Football,Volleyball, Badminton, Cricket"
Howard University,"Washington, D.C.",District of Columbia,Private,"Mathematics, Health_Science",305,500,31569,1857,15946,Large,Urban,90,89,1867,"Football, Basketball, Badminton, Cricket"
Husson University,Bangor,Maine,Private,"Computer_Science, Physics",280,450,28080,1236,21471,Very Large,Urban,87,87,1898,"Football, Basketball, Volleyball, Badminton, Tennis, Cricket"
Idaho State University,Pocatello,Idaho,Private,"Design, Criminal_Justice",270,450,28194,2367,18138,Large,Urban,86,94,1901,"Football, Basketball, Badminton, Cricket"
Illinois Institute of Technology,Chicago,Illinois,Private,"Mathematics, Design",304,535,43319,2269,15682,Large,Urban,83,96,1940,"Football, Basketball, Badminton, Cricket"
Illinois State University,Normal,Illinois,Private,"Business, Psychology",310,550,36880,1592,19753,Small,Urban,95,83,1857,"Basketball, Badminton, Cricket"
Immaculata University,Immaculata,Pennsylvania,Private,"Nursing, Business",300,430,54819,1365,19591,Very Large,Rural,86,87,1920,"Football, Basketball, Volleyball, Badminton, Tennis, Cricket"
Indiana State University,Terre Haute,Indiana,Private,"Business, Nursing, Agriculture",299,500,52864,1521,17891,Medium,Rural,95,86,1865,"Football,Volleyball, Badminton, Cricket"
Indiana University of Pennsylvania,Indiana,Pennsylvania,Public,"Biology, Health_Science",290,570,31956,1506,15888,Very Large,Suburban,98,85,1875,"Football, Basketball, Volleyball, Badminton, Tennis, Cricket"
Indiana University--Bloomington,Bloomington,Indiana,Private,"Business, Computer_Science",304,610,38312,1913,16094,Large,Rural,95,86,1820,"Football, Basketball, Badminton, Cricket"
Indiana University-Purdue University--Indianapolis,Indianapolis,Indiana,Private,"Computer_Science, Biology",280,600,39308,2340,21129,Small,Urban,87,81,1969,"Basketball, Badminton, Cricket"
Inter American University of Puerto Rico--Metropolitan Campus,San Juan,Puerto Rico,Private,"Design, Criminal_Justice",310,700,31389,2234,18915,Small,Suburban,88,80,1912,"Basketball, Badminton, Cricket"
Inter American University of Puerto Rico--San German,San German,Puerto Rico,Private,"Computer_Sciences, Agriculture, Health_Sciences",280,450,50302,1944,19780,Very Large,Suburban,91,94,1912,"Football, Basketball, Volleyball, Badminton, Tennis, Cricket"
Iowa State University of Science and Technology,Ames,Iowa,Public,"Psychology, Nursing",309,605,44524,1825,20736,Medium,Rural,90,93,1858,"Football,Volleyball, Badminton, Cricket"
Jackson State University,Jackson,Mississippi,Public,"Nursing, Business",300,550,57136,2156,16392,Medium,Urban,84,81,1877,"Football,Volleyball, Badminton, Cricket"
Johns Hopkins University,Baltimore,Maryland,Private,"Biology, Health_Sciences",309,560,47498,1462,19555,Small,Suburban,96,97,1876,"Basketball, Badminton, Cricket"
Kansas State University,Manhattan,Kansas,Private,"Biology, Computer_Science",300,500,37379,1536,16802,Large,Rural,93,88,1863,"Football, Basketball, Badminton, Cricket"
Keiser University,Fort Lauderdale,Florida,Private,"Agriculture, Nursing",267,710,33386,1981,17990,Medium,Urban,84,97,1977,"Football,Volleyball, Badminton, Cricket"
Kennesaw State University,Kennesaw,Georgia,Private,"Health_Science, Business",149,450,48824,1544,15230,Very Large,Suburban,84,84,1963,"Football, Basketball, Volleyball, Badminton, Tennis, Cricket"
Kent State University,Kent,Ohio,Private,"Nursing, Psychology",300,425,34801,1859,21302,Small,Urban,89,78,1910,"Basketball, Badminton, Cricket"
Lamar University,Beaumont,Texas,Private,"Biology, Physics",309,624,34667,1879,20304,Very Large,Rural,92,98,1923,"Football, Basketball, Volleyball, Badminton, Tennis, Cricket"
Lehigh University,Bethlehem,Pennsylvania,Private,"Business, Agriculture",290,460,43820,1740,16849,Large,Suburban,88,97,1865,"Football, Basketball, Badminton, Cricket"
Lesley University,Cambridge,Massachusetts,Private,"Physics, Health_Science",300,620,31787,1603,17831,Large,Urban,84,81,1909,"Football, Basketball, Badminton, Cricket"
Liberty University,Lynchburg,Virginia,Private,"Criminal_Justice, Health_Science",299,550,53472,1254,19609,Medium,Urban,85,86,1971,"Football,Volleyball, Badminton, Cricket"
Lincoln Memorial University,Harrogate,Tennessee,Private,"Physics, Computer_Science",310,710,17324,1314,15847,Very Large,Urban,99,85,1897,"Football, Basketball, Volleyball, Badminton, Tennis, Cricket"
Lindenwood University,Saint Charles,Missouri,Private,"Business, Nursing, Agriculture",312,600,31434,1238,18794,Medium,Rural,96,96,1827,"Football,Volleyball, Badminton, Cricket"
Lipscomb University,Nashville,Tennessee,Private,"Mathematics, Design",290,525,29438,1566,16091,Large,Rural,90,75,1891,"Football, Basketball, Badminton, Cricket"
Long Island University,Brookville,New York,Private,"Health_Science, Design",300,550,52756,1363,15943,Very Large,Urban,97,78,1926,"Football, Basketball, Volleyball, Badminton, Tennis, Cricket"
Louisiana State University--Baton Rouge,Baton Rouge,Louisiana,Private,"Criminal_Justice, Health_Science",307,640,19976,2334,15452,Very Large,Rural,94,94,1860,"Football, Basketball, Volleyball, Badminton, Tennis, Cricket"
Louisiana Tech University,Ruston,Louisiana,Private,"Agriculture, Mathematics",325,710,33928,1767,16745,Small,Urban,95,92,1894,"Basketball, Badminton, Cricket"
Loyola Marymount University,Los Angeles,California,Private,"Psychology, Biology",300,550,43890,1679,17333,Medium,Urban,95,80,1911,"Football,Volleyball, Badminton, Cricket"
Loyola University Chicago,Chicago,Illinois,Private,"Mathematics, Health_Science",307,604,57214,1240,17251,Medium,Rural,83,93,1870,"Football,Volleyball, Badminton, Cricket"
Loyola University New Orleans,New Orleans,Louisiana,Private,"Computer_Science, Physics",295,610,50640,1585,17912,Medium,Urban,92,83,1912,"Football,Volleyball, Badminton, Cricket"
Marquette University,Milwaukee,Wisconsin,Private,"Design, Criminal_Justice",274,680,24504,2332,19477,Very Large,Suburban,96,87,1881,"Football, Basketball, Volleyball, Badminton, Tennis, Cricket"
Marshall University,Huntington,West Virginia,Private,"Mathematics, Design",300,700,28034,1845,15344,Small,Suburban,100,75,1837,"Basketball, Badminton, Cricket"
Mary Baldwin University,Staunton,Virginia,Private,"Business, Psychology",322,620,30450,1389,20316,Small,Suburban,91,76,1842,"Basketball, Badminton, Cricket"
Maryville University of St. Louis,St. Louis,Missouri,Private,"Nursing, Business",308,530,54370,1513,20804,Very Large,Urban,83,87,1872,"Football, Basketball, Volleyball, Badminton, Tennis, Cricket"
Massachusetts Institute of Technology,Cambridge,Massachusetts,Private,"Business, Nursing, Agriculture",298,450,42012,1616,19400,Small,Suburban,91,88,1861,"Basketball, Badminton, Cricket"
Mercer University,Macon,Georgia,Private,"Biology, Health_Science",300,607,17112,2237,16955,Large,Urban,93,86,1833,"Football, Basketball, Badminton, Cricket"
Metropolitan State University,Denver,Colorado,Private,"Computer_Science, Biology",324,705,32409,1895,16508,Small,Suburban,93,77,1971,"Basketball, Badminton, Cricket"
Miami University--Oxford,Oxford,Ohio,Private,"Design, Criminal_Justice",299,550,49335,1448,15374,Very Large,Rural,98,93,1809,"Football, Basketball, Volleyball, Badminton, Tennis, Cricket"
Michigan State University,East Lansing,Michigan,Public,"Computer_Sciences, Agriculture, Health_Sciences",314,637,46880,2361,17483,Medium,Suburban,90,95,1855,"Football,Volleyball, Badminton, Cricket"
Michigan Technological University,Houghton,Michigan,Private,"Physics, Health_Science",299,513,44890,1896,19301,Very Large,Rural,100,99,1885,"Football, Basketball, Volleyball, Badminton, Tennis, Cricket"
Middle Tennessee State University,Murfreesboro,Tennessee,Private,"Criminal_Justice, Health_Science",286,490,31608,2456,16562,Medium,Suburban,90,79,1911,"Football,Volleyball, Badminton, Cricket"
Misericordia University,Dallas,Pennsylvania,Private,"Physics, Computer_Science",207,550,25116,1278,19998,Small,Suburban,92,91,1924,"Basketball, Badminton, Cricket"
Mississippi College,Clinton,Mississippi,Private,"Business, Nursing, Agriculture",302,500,52156,1833,17620,Small,Suburban,89,83,1826,"Basketball, Badminton, Cricket"
Mississippi State University,Starkville,Mississippi,Private,"Mathematics, Design",307,538,45962,2324,18980,Small,Suburban,95,84,1878,"Basketball, Badminton, Cricket"
Missouri State University,Springfield,Missouri,Private,"Health_Science, Design",290,560,52979,1540,16656,Small,Urban,87,78,1905,"Basketball, Badminton, Cricket"
Missouri University of Science and Technology,Rolla,Missouri,Private,"Criminal_Justice, Health_Science",299,550,35360,1251,19388,Large,Rural,100,90,1870,"Football, Basketball, Badminton, Cricket"
Montana State University,Bozeman,Montana,Private,"Agriculture, Mathematics",290,530,43112,1560,16672,Large,Urban,97,76,1893,"Football, Basketball, Badminton, Cricket"
Montclair State University,Montclair,New Jersey,Private,"Business, Psychology",293,495,45850,1461,15903,Large,Urban,84,89,1908,"Football, Basketball, Badminton, Cricket"
Morgan State University,Baltimore,Maryland,Private,"Mathematics, Physics",284,426,27002,2144,17514,Small,Urban,92,93,1867,"Basketball, Badminton, Cricket"
National Louis University,Chicago,Illinois,Private,"Design, Agriculture",310,710,37202,1562,15750,Very Large,Urban,89,81,1886,"Football, Basketball, Volleyball, Badminton, Tennis, Cricket"
New Jersey Institute of Technology,Newark,New Jersey,Private,"Computer_Science, Physics",240,590,48609,1830,21871,Medium,Suburban,85,84,1881,"Football,Volleyball, Badminton, Cricket"
New Mexico State University,Las Cruces,New Mexico,Public,"Business, Nursing",240,750,39776,1279,15080,Very Large,Suburban,98,96,1888,"Football, Basketball, Volleyball, Badminton, Tennis, Cricket"
New York University,New York,New York,Private,"Mathematics, Health_Science",293,495,52352,2232,18932,Large,Urban,83,84,1831,"Football, Basketball, Badminton, Cricket"
North Carolina Agricultural and Technical State University,Greensboro,North Carolina,Public,"Criminal_Justice, Design",267,710,44838,2148,19715,Large,Suburban,95,84,1891,"Football, Basketball, Badminton, Cricket"
North Carolina State University,Raleigh,North Carolina,Public,"Physics, Biology",149,450,31540,1606,16230,Very Large,Rural,88,97,1887,"Football, Basketball, Volleyball, Badminton, Tennis, Cricket"
North Dakota State University,Fargo,North Dakota,Public,"Computer_Science, Criminal_Justice, Nursing",300,425,19010,1984,21535,Small,Rural,86,82,1890,"Basketball, Badminton, Cricket"
Northeastern University,Boston,Massachusetts,Private,"Business, Computer_Science",309,624,43526,1760,16814,Large,Urban,91,89,1898,"Football, Basketball, Badminton, Cricket"
Northern Arizona University,Flagstaff,Arizona,Private,"Psychology, Nursing",290,460,36579,1995,16275,Medium,Suburban,99,87,1899,"Football,Volleyball, Badminton, Cricket"
Northern Illinois University,DeKalb,Illinois,Private,"Computer_Science, Business",300,620,38112,1688,20335,Medium,Suburban,91,80,1895,"Football,Volleyball, Badminton, Cricket"
Northern Kentucky University,Highland Heights,Kentucky,Private,"Psychology, Business",299,550,51270,1869,20337,Medium,Rural,92,81,1968,"Football,Volleyball, Badminton, Cricket"
Northwestern University,Evanston,Illinois,Private,"Biology, Health_Sciences",310,710,32299,1923,16863,Small,Suburban,99,78,1851,"Basketball, Badminton, Cricket"
Nova Southeastern University,Fort Lauderdale,Florida,Private,"Biology, Computer_Science",312,600,20016,1460,19922,Medium,Suburban,93,86,1964,"Football,Volleyball, Badminton, Cricket"
Oakland University,Rochester,Michigan,Public,"Agriculture, Nursing",290,525,41715,1720,20100,Medium,Urban,90,89,1957,"Football,Volleyball, Badminton, Cricket"
Ohio State University--Columbus,Columbus,Ohio,Public,"Health_Science, Business",300,550,31090,1419,17005,Large,Suburban,93,83,1870,"Football, Basketball, Badminton, Cricket"
Ohio University,Athens,Ohio,Public,"Nursing, Psychology",307,640,25380,1535,21698,Very Large,Suburban,86,86,1804,"Football, Basketball, Volleyball, Badminton, Tennis, Cricket"
Oklahoma City University,Oklahoma City,Oklahoma,Private,"Psychology, Computer_Science",325,710,22467,1622,21403,Large,Suburban,92,96,1904,"Football, Basketball, Badminton, Cricket"
Oklahoma State University,Stillwater,Oklahoma,Public,"Biology, Physics",300,550,27472,2370,18525,Medium,Suburban,87,91,1890,"Football,Volleyball, Badminton, Cricket"
Old Dominion University,Norfolk,Virginia,Private,"Business, Agriculture",307,604,25876,2219,18001,Very Large,Urban,86,87,1930,"Football, Basketball, Volleyball, Badminton, Tennis, Cricket"
Oregon State University,Corvallis,Oregon,Public,"Physics, Health_Science",295,610,38430,1903,15911,Medium,Suburban,91,84,1868,"Football,Volleyball, Badminton, Cricket"
Our Lady of the Lake University,San Antonio,Texas,Private,"Nursing, Business",274,680,18964,2262,17649,Large,Rural,100,81,1895,"Football, Basketball, Badminton, Cricket"
Pace University,New York,New York,Private,"Psychology, Agriculture",307,538,51360,1334,19942,Large,Urban,89,92,1906,"Football, Basketball, Badminton, Cricket"
Pacific University,Forest Grove,Oregon,Private,"Business, Nursing, Computer_Science",290,560,26342,2341,17187,Very Large,Rural,83,75,1849,"Football, Basketball, Volleyball, Badminton, Tennis, Cricket"
Palm Beach Atlantic University,West Palm Beach,Florida,Public,"Criminal_Justice, Health_Science",299,550,38746,1385,20249,Very Large,Suburban,98,85,1968,"Football, Basketball, Volleyball, Badminton, Tennis, Cricket"
Pennsylvania State University--University Park,University Park,Pennsylvania,Private,"Psychology, Nursing",290,530,32288,2306,20359,Small,Suburban,85,85,1855,"Basketball, Badminton, Cricket"
Pepperdine University,Malibu,California,Private,"Business, Physics",293,495,26390,1533,19533,Large,Urban,94,96,1937,"Football, Basketball, Badminton, Cricket"
Pontifical Catholic University of Puerto Rico--Ponce,Ponce,Puerto Rico,Private,"Computer_Science, Business, Design",284,426,34218,2230,15654,Medium,Rural,98,95,1948,"Football,Volleyball, Badminton, Cricket"
Portland State University,Portland,Oregon,Public,"Biology, Psychology",310,710,28470,1522,19389,Small,Suburban,87,75,1946,"Basketball, Badminton, Cricket"
Princeton University,Princeton,New Jersey,Public,"Business, Nursing",240,590,33354,1524,21589,Very Large,Suburban,99,77,1746,"Football, Basketball, Volleyball, Badminton, Tennis, Cricket"
Purdue University--West Lafayette,West Lafayette,Indiana,Public,"Psychology, Business, Agriculture",240,750,42475,1300,21271,Very Large,Suburban,83,96,1869,"Football, Basketball, Volleyball, Badminton, Tennis, Cricket"
Quinnipiac University,Hamden,Connecticut,Private,"Physics, Criminal_Justice",307,640,40877,1696,19697,Small,Urban,100,79,1929,"Basketball, Badminton, Cricket"
Regent University,Virginia Beach,Virginia,Private,"Design, Computer_Science",325,710,28005,1252,19530,Very Large,Suburban,94,75,1977,"Football, Basketball, Volleyball, Badminton, Tennis, Cricket"
Regis University,Denver,Colorado,Private,"Psychology, Biology",300,550,46050,1345,15511,Medium,Urban,97,88,1877,"Football,Volleyball, Badminton, Cricket"
Rensselaer Polytechnic Institute,Troy,New York,Private,"Agriculture, Nursing",307,604,28150,1982,15764,Medium,Suburban,94,98,1824,"Football,Volleyball, Badminton, Cricket"
Rice University,Houston,Texas,Private,"Business, Health_Science, Criminal_Justice",295,610,44796,2246,16829,Very Large,Urban,100,90,1912,"Football, Basketball, Volleyball, Badminton, Tennis, Cricket"
Robert Morris University,Moon Township,Pennsylvania,Private,"Biology, Computer_Science",274,680,35676,1368,20389,Medium,Suburban,100,95,1921,"Football,Volleyball, Badminton, Cricket"
Rochester Institute of Technology,Rochester,New York,Private,"Design, Physics",300,700,31286,1866,18251,Medium,Urban,94,91,1829,"Football,Volleyball, Badminton, Cricket"
Roosevelt University,Chicago,Illinois,Private,"Biology, Agriculture",322,620,21417,1675,21204,Medium,Rural,88,91,1945,"Football,Volleyball, Badminton, Cricket"
Rowan University,Glassboro,New Jersey,Private,"Mathematics, Design",308,530,22810,2350,17162,Medium,Rural,88,95,1923,"Football,Volleyball, Badminton, Cricket"
Russell Sage College,Troy,New York,Private,"Computer_Science, Health_Science",325,710,23409,1422,16377,Very Large,Urban,100,83,1916,"Football, Basketball, Volleyball, Badminton, Tennis, Cricket"
Rutgers University--Camden,Camden,New Jersey,Private,"Criminal_Justice, Physics",300,550,27110,1927,16134,Medium,Urban,100,77,1926,"Football,Volleyball, Badminton, Cricket"
Rutgers University--New Brunswick,New Brunswick,New Jersey,Private,"Physics, Mathemmatics",307,604,27576,2207,21749,Large,Suburban,83,84,1766,"Football, Basketball, Badminton, Cricket"
Rutgers University--Newark,Newark,New Jersey,Private,"Psychology, Agriculture",295,610,33624,1441,18706,Medium,Rural,92,81,1908,"Football,Volleyball, Badminton, Cricket"
Sacred Heart University,Fairfield,Connecticut,Private,"Health_Science, Criminal_Justice",274,680,27733,1499,21588,Large,Suburban,91,88,1963,"Football, Basketball, Badminton, Cricket"
Saint Louis University,St. Louis,Missouri,Private,"Design, Computer_Science",307,538,24539,1672,19847,Very Large,Suburban,85,96,1818,"Football, Basketball, Volleyball, Badminton, Tennis, Cricket"
Sam Houston State University,Huntsville,Texas,Private,"Biology, Physics",290,560,50070,2239,18721,Small,Rural,100,90,1879,"Basketball, Badminton, Cricket"
Samford University,Birmingham,Alabama,Private,"Mathematics, Agriculture, Phyics",299,550,32770,1736,16083,Medium,Urban,100,99,1841,"Football,Volleyball, Badminton, Cricket"
San Diego State University,San Diego,California,Private,"Business, Computer_Science",290,530,36352,1497,16845,Medium,Rural,92,94,1897,"Football,Volleyball, Badminton, Cricket"
Santa Clara University,Santa Clara,California,Private,"Computer_Science, Biology",293,495,35660,1349,20303,Large,Urban,88,82,1851,"Football, Basketball, Badminton, Cricket"
Seattle Pacific University,Seattle,Washington,Private,"Design, Criminal_Justice",299,500,30154,1405,20124,Medium,Rural,98,91,1891,"Football,Volleyball, Badminton, Cricket"
Seattle University,Seattle,Washington,Private,"Computer_Sciences, Agriculture, Health_Sciences",290,570,28508,1512,20901,Small,Urban,93,75,1891,"Basketball, Badminton, Cricket"
Seton Hall University,South Orange,New Jersey,Private,"Psychology, Nursing",304,610,21303,1932,15444,Medium,Suburban,95,75,1856,"Football,Volleyball, Badminton, Cricket"
Shenandoah University,Winchester,Virginia,Private,"Nursing, Business",280,600,42934,1289,18968,Medium,Rural,97,80,1875,"Football,Volleyball, Badminton, Cricket"
Simmons University,Boston,Massachusetts,Private,"Biology, Health_Sciences",310,700,44382,1556,15986,Medium,Urban,93,96,1899,"Football,Volleyball, Badminton, Cricket"
SMU,Dallas,Texas,Private,"Biology, Computer_Science",280,450,32101,1376,18447,Large,Urban,94,77,1911,"Football, Basketball, Badminton, Cricket"
South Dakota State University,Brookings,South Dakota,Private,"Agriculture, Nursing",309,605,24900,2204,17567,Small,Suburban,85,88,1881,"Basketball, Badminton, Cricket"
Southern Illinois University Edwardsville,Edwardsville,Illinois,Private,"Health_Science, Business",300,550,22532,1425,15705,Small,Rural,92,92,1957,"Basketball, Badminton, Cricket"
Southern Illinois University--Carbondale,Carbondale,Illinois,Private,"Nursing, Psychology",309,560,24924,2238,21738,Medium,Urban,94,92,1869,"Football,Volleyball, Badminton, Cricket"
Spalding University,Louisville,Kentucky,Private,"Biology, Physics",300,500,20647,2154,17402,Large,Suburban,84,85,1814,"Football, Basketball, Badminton, Cricket"
St. Catherine University,Saint Paul,Minnesota,Private,"Business, Agriculture",267,710,27406,1381,16157,Small,Suburban,98,91,1905,"Basketball, Badminton, Cricket"
St. John Fisher College,Rochester,New York,Private,"Physics, Health_Science",149,450,44520,2189,15098,Very Large,Suburban,95,99,1948,"Football, Basketball, Volleyball, Badminton, Tennis, Cricket"
St. John's University (NY),Queens,New York,Private,"Criminal_Justice, Health_Science",300,425,40080,1555,21704,Medium,Urban,84,75,1870,"Football,Volleyball, Badminton, Cricket"
Stanford University,Stanford,California,Private,"Physics, Computer_Science",309,624,17725,1814,19379,Very Large,Rural,100,80,1885,"Football, Basketball, Volleyball, Badminton, Tennis, Cricket"
Stephen F. Austin State University,Nacogdoches,Texas,Private,"Business, Nursing, Agriculture",290,460,43246,2185,19818,Large,Urban,96,92,1923,"Football, Basketball, Badminton, Cricket"
Stevens Institute of Technology,Hoboken,New Jersey,Private,"Mathematics, Design",300,620,29287,1637,19137,Medium,Rural,84,77,1870,"Football,Volleyball, Badminton, Cricket"
Stony Brook University--SUNY,Stony Brook,New York,Private,"Health_Science, Design",299,550,26281,1945,16521,Very Large,Rural,94,78,1957,"Football, Basketball, Volleyball, Badminton, Tennis, Cricket"
SUNY College of Environmental Science and Forestry,Syracuse,New York,Private,"Criminal_Justice, Health_Science",310,710,43498,1946,21907,Small,Suburban,96,91,1911,"Basketball, Badminton, Cricket"
Syracuse University,Syracuse,New York,Private,"Biology, Agriculture",312,600,27166,2138,19238,Very Large,Rural,83,90,1870,"Football, Basketball, Volleyball, Badminton, Tennis, Cricket"
Temple University,Philadelphia,Pennsylvania,Private,"Mathematics, Design",290,525,35940,1333,16897,Small,Rural,97,83,1884,"Basketball, Badminton, Cricket"
Tennessee State University,Nashville,Tennessee,Private,"Computer_Science, Health_Science",300,550,45230,1286,21622,Large,Suburban,93,80,1912,"Football, Basketball, Badminton, Cricket"
Tennessee Techn University,Cookeville,Tennessee,Private,"Criminal_Justice, Physics",307,640,12789,1541,16650,Large,Urban,85,96,1915,"Football, Basketball, Badminton, Cricket"
Texas A&M University,College Station,Texas,Private,"Physics, Mathemmatics",325,710,23593,1846,21785,Very Large,Suburban,93,91,1876,"Football, Basketball, Volleyball, Badminton, Tennis, Cricket"
Texas A&M University--Commerce,Commerce,Texas,Private,"Psychology, Agriculture",300,550,38520,2159,15857,Very Large,Rural,97,80,1889,"Football, Basketball, Volleyball, Badminton, Tennis, Cricket"
Texas A&M University--Corpus Christi,Corpus Christi,Texas,Private,"Health_Science, Criminal_Justice",307,604,20800,1627,15343,Large,Suburban,83,89,1947,"Football, Basketball, Badminton, Cricket"
Texas A&M University--Kingsville,Kingsville,Texas,Private,"Design, Computer_Science",295,610,35752,1673,20283,Very Large,Urban,97,96,1925,"Football, Basketball, Volleyball, Badminton, Tennis, Cricket"
Texas Christian University,Fort Worth,Texas,Private,"Biology, Physics",274,680,34570,1516,15178,Medium,Urban,92,94,1873,"Football,Volleyball, Badminton, Cricket"
Texas Southern University,Houston,Texas,Private,"Mathematics, Agriculture, Phyics",300,700,48830,1809,17846,Medium,Rural,84,92,1947,"Football,Volleyball, Badminton, Cricket"
Texas State University,San Marcos,Texas,Private,"Business, Nursing",322,620,24092,2335,17621,Medium,Urban,98,84,1899,"Football,Volleyball, Badminton, Cricket"
Texas Tech University,Lubbock,Texas,Private,"Design, Computer_Science",280,450,20750,2175,16899,Very Large,Urban,95,91,1923,"Football, Basketball, Volleyball, Badminton, Tennis, Cricket"
Texas Wesleyan University,Fort Worth,Texas,Private,"Biology, Physics",270,450,44885,2261,15631,Large,Suburban,97,82,1890,"Football, Basketball, Badminton, Cricket"
Texas Woman's University,Denton,Texas,Private,"Mathematics, Agriculture, Phyics",304,535,33586,1447,20934,Large,Suburban,88,98,1901,"Football, Basketball, Badminton, Cricket"
The Catholic University of America,"Washington, D.C.",District of Columbia,Private,"Psychology, Agriculture",310,550,40380,2133,18125,Large,Urban,85,88,1887,"Football, Basketball, Badminton, Cricket"
The College of St. Scholastica,Duluth,Minnesota,Private,"Agriculture, Criminal_Justice",300,430,49706,1742,20892,Large,Suburban,94,81,1912,"Football, Basketball, Badminton, Cricket"
The New School,New York,New York,Private,"Computer_Science, Physics, Biology",299,500,39914,1514,20291,Medium,Rural,94,83,1919,"Football,Volleyball, Badminton, Cricket"
Thomas Jefferson University,Philadelphia,Pennsylvania,Private,"Design, Mathematics",290,570,34526,2305,21541,Small,Suburban,100,89,1824,"Basketball, Badminton, Cricket"
Touro College,New York,New York,Private,"Criminal_Justice, Agriculture",304,610,27750,1413,15556,Very Large,Rural,86,82,1971,"Football, Basketball, Volleyball, Badminton, Tennis, Cricket"
Towson University,Towson,Maryland,Private,"Nursing, Business",280,600,25666,1573,16953,Medium,Suburban,86,99,1866,"Football,Volleyball, Badminton, Cricket"
Trevecca Nazarene University,Nashville,Tennessee,Private,"Business, Psychology, Physics",310,700,39610,1423,16825,Medium,Suburban,84,93,1901,"Football,Volleyball, Badminton, Cricket"
Trinity International University,Deerfield,Illinois,Private,"Mathematics, Nursing",280,450,33894,1445,15807,Large,Suburban,89,77,1897,"Football, Basketball, Badminton, Cricket"
Tufts University,Medford,Massachusetts,Private,"Psychology, Biology",309,605,35646,1832,15809,Large,Urban,83,87,1852,"Football, Basketball, Badminton, Cricket"
Tulane University,New Orleans,Louisiana,Private,"Business, Nursing, Agriculture",300,550,46494,1979,18553,Medium,Rural,95,82,1834,"Football,Volleyball, Badminton, Cricket"
UNC Greensboro,Greensboro,North Carolina,Private,"Nursing, Business",309,560,32820,1690,21077,Very Large,Urban,96,94,1891,"Football, Basketball, Volleyball, Badminton, Tennis, Cricket"
Union Institute and University,Cincinnati,Ohio,Private,"Design, Criminal_Justice",300,500,35139,1947,20617,Large,Rural,89,80,1964,"Football, Basketball, Badminton, Cricket"
Union University,Jackson,Tennessee,Private,"Psychology, Computer_Science",267,710,30153,1434,15612,Medium,Rural,90,75,1823,"Football,Volleyball, Badminton, Cricket"
Universidad Ana G. Mendez--Gurabo Campus,Gurabo,Puerto Rico,Private,"Business, Agriculture",149,450,24680,1693,19556,Medium,Rural,98,92,1949,"Football,Volleyball, Badminton, Cricket"
University at Albany--SUNY,Albany,New York,Private,"Biology, Health_Science",300,425,20542,1950,17180,Medium,Suburban,88,81,1844,"Football,Volleyball, Badminton, Cricket"
University at Buffalo--SUNY,Buffalo,New York,Private,"Business, Psychology",309,624,13538,1309,19260,Large,Suburban,83,94,1846,"Football, Basketball, Badminton, Cricket"
University of Akron,Akron,Ohio,Private,"Computer_Science, Physics",290,460,36870,1843,17504,Very Large,Urban,100,81,1870,"Football, Basketball, Volleyball, Badminton, Tennis, Cricket"
University of Alabama,Tuscaloosa,Alabama,Private,"Criminal_Justice, Nursing",300,620,39410,1526,17608,Large,Suburban,100,95,1831,"Football, Basketball, Badminton, Cricket"
University of Alabama at Birmingham,Birmingham,Alabama,Private,"Health_Science, Psychology",299,550,31700,1539,16218,Large,Urban,97,77,1969,"Football, Basketball, Badminton, Cricket"
University of Alabama--Huntsville,Huntsville,Alabama,Private,"Mathematics, Design",310,710,30114,1863,19072,Small,Suburban,83,97,1961,"Basketball, Badminton, Cricket"
University of Alaska--Fairbanks,Fairbanks,Alaska,Private,"Business, Agriculture",312,600,32744,2287,17845,Medium,Rural,98,82,1917,"Football,Volleyball, Badminton, Cricket"
University of Arizona,Tucson,Arizona,Private,"Psychology, Biology",290,525,22564,1987,21563,Medium,Suburban,83,88,1885,"Football,Volleyball, Badminton, Cricket"
University of Arkansas,Fayetteville,Arkansas,Private,"Design, Criminal_Justice",300,550,33520,1557,15433,Small,Rural,86,90,1871,"Basketball, Badminton, Cricket"
University of Arkansas at Little Rock,Little Rock,Arkansas,Private,"Business, Psychology",307,640,30570,1749,20558,Small,Urban,94,93,1927,"Basketball, Badminton, Cricket"
University of Bridgeport,Bridgeport,Connecticut,Private,"Mathematics, Health_Science",325,710,12942,1780,18069,Medium,Suburban,95,84,1927,"Football,Volleyball, Badminton, Cricket"
University of California--Berkeley,Berkeley,California,Private,"Nursing, Business",300,550,19000,1244,15870,Medium,Rural,87,89,1868,"Football,Volleyball, Badminton, Cricket"
University of California--Davis,Davis,California,Private,"Biology, Health_Science",307,604,22470,1731,19065,Very Large,Rural,89,78,1905,"Football, Basketball, Volleyball, Badminton, Tennis, Cricket"
University of California--Irvine,Irvine,California,Private,"Physics, Computer_Science",295,610,29450,1747,19812,Medium,Suburban,91,75,1965,"Football,Volleyball, Badminton, Cricket"
University of California--Los Angeles,Los Angeles,California,Private,"Business, Nursing, Agriculture",274,680,24210,1308,20882,Very Large,Suburban,92,90,1919,"Football, Basketball, Volleyball, Badminton, Tennis, Cricket"
University of California--Merced,Merced,California,Private,"Mathematics, Design",299,500,23274,2237,17957,Very Large,Urban,88,83,2005,"Football, Basketball, Volleyball, Badminton, Tennis, Cricket"
University of California--Riverside,Riverside,California,Private,"Business, Biology",290,570,16764,1895,21455,Small,Urban,87,86,1954,"Basketball, Badminton, Cricket"
University of California--San Diego,San Diego,California,Private,"Computer_Science, Physics",304,610,28026,1448,19403,Small,Rural,86,91,1960,"Basketball, Badminton, Cricket"
University of California--Santa Barbara,Santa Barbara,California,Private,"Business, Nursing",280,600,25977,2361,16225,Large,Suburban,90,92,1909,"Football, Basketball, Badminton, Cricket"
University of California--Santa Cruz,Santa Cruz,California,Private,"Health_Science, Design",310,700,39820,1896,15823,Small,Rural,99,85,1965,"Basketball, Badminton, Cricket"
University of Central Arkansas,Conway,Arkansas,Private,"Criminal_Justice, Health_Science",280,450,15067,1382,18660,Small,Suburban,98,83,1907,"Basketball, Badminton, Cricket"
University of Central Florida,Orlando,Florida,Private,"Agriculture, Mathematics",309,605,35000,1278,16341,Medium,Urban,83,88,1963,"Football,Volleyball, Badminton, Cricket"
University of Charleston,Charleston,South Carolina,Private,"Psychology, Biology",300,550,23434,1833,17277,Small,Rural,93,99,1963,"Basketball, Badminton, Cricket"
University of Chicago,Chicago,Illinois,Private,"Biology, Health_Science",309,560,32727,2324,21253,Very Large,Rural,86,88,1890,"Football, Basketball, Volleyball, Badminton, Tennis, Cricket"
University of Cincinnati,Cincinnati,Ohio,Private,"Mathematics, Biology",300,500,25320,1540,15416,Very Large,Rural,83,99,1819,"Football, Basketball, Volleyball, Badminton, Tennis, Cricket"
University of Colorado Boulder,Boulder,Colorado,Private,"Business, Psychology",267,710,41410,1251,18547,Medium,Rural,94,96,1876,"Football,Volleyball, Badminton, Cricket"
University of Colorado Denver,Denver,Colorado,Private,"Mathematics, Health_Science",149,450,31600,1560,18753,Small,Urban,93,82,1912,"Basketball, Badminton, Cricket"
University of Colorado--Colorado Springs,Colorado Springs,Colorado,Private,"Computer_Science, Physics",300,425,17294,1461,21602,Medium,Urban,88,97,1965,"Football,Volleyball, Badminton, Cricket"
University of Connecticut,Storrs,Connecticut,Private,"Design, Criminal_Justice",309,624,6012,2144,16036,Very Large,Urban,92,77,1881,"Football, Basketball, Volleyball, Badminton, Tennis, Cricket"
University of Dayton,Dayton,Ohio,Private,"Mathematics, Design",290,460,26950,1562,15269,Very Large,Urban,85,85,1850,"Football, Basketball, Volleyball, Badminton, Tennis, Cricket"
University of Delaware,Newark,Delaware,Private,"Business, Psychology",300,620,31680,1830,15125,Large,Suburban,93,75,1743,"Football, Basketball, Badminton, Cricket"
University of Denver,Denver,Colorado,Private,"Nursing, Business",299,550,34490,1279,17400,Large,Urban,84,79,1864,"Football, Basketball, Badminton, Cricket"
University of Detroit Mercy,Detroit,Michigan,Private,"Business, Nursing, Agriculture",310,710,15240,2232,16987,Medium,Suburban,99,89,1877,"Football,Volleyball, Badminton, Cricket"
University of Findlay,Findlay,Ohio,Private,"Biology, Health_Science",312,600,23734,2148,15317,Very Large,Rural,94,96,1882,"Football, Basketball, Volleyball, Badminton, Tennis, Cricket"
University of Florida,Gainesville,Florida,Private,"Business, Computer_Science",290,525,36720,1606,20104,Large,Suburban,90,97,1853,"Football, Basketball, Badminton, Cricket"
University of Georgia,Athens,Georgia,Private,"Computer_Science, Biology",300,550,21718,1984,20567,Very Large,Rural,99,90,1785,"Football, Basketball, Volleyball, Badminton, Tennis, Cricket"
University of Hartford,West Hartford,Connecticut,Private,"Design, Criminal_Justice",307,640,20793,1760,21593,Small,Rural,94,97,1877,"Basketball, Badminton, Cricket"
University of Hawaii at Hilo,Hilo,Hawaii,Private,"Computer_Sciences, Agriculture, Health_Sciences",325,710,33100,1995,15278,Large,Suburban,95,81,1947,"Football, Basketball, Badminton, Cricket"
University of Hawaii--Manoa,Honolulu,Hawaii,Private,"Psychology, Nursing",300,550,17591,1688,21580,Medium,Suburban,83,75,1907,"Football,Volleyball, Badminton, Cricket"
University of Houston,Houston,Texas,Private,"Nursing, Business",307,604,38160,1869,21414,Very Large,Suburban,84,99,1927,"Football, Basketball, Volleyball, Badminton, Tennis, Cricket"
University of Idaho,Moscow,Idaho,Private,"Biology, Health_Sciences",295,610,31952,1923,16795,Large,Suburban,88,75,1889,"Football, Basketball, Badminton, Cricket"
University of Illinois--Chicago,Chicago,Illinois,Private,"Biology, Computer_Science",274,680,21655,1460,21444,Small,Suburban,91,77,1965,"Basketball, Badminton, Cricket"
University of Illinois--Urbana-Champaign,Champaign,Illinois,Private,"Agriculture, Nursing",300,700,31960,1720,16139,Small,Rural,98,97,1867,"Basketball, Badminton, Cricket"
University of Indianapolis,Indianapolis,Indiana,Private,"Health_Science, Business",322,620,19548,1419,15389,Small,Urban,88,83,1902,"Basketball, Badminton, Cricket"
University of Iowa,Iowa City,Iowa,Private,"Nursing, Psychology",308,530,20243,1535,15877,Large,Rural,98,84,1847,"Football, Basketball, Badminton, Cricket"
University of Kansas,Lawrence,Kansas,Private,"Biology, Physics",298,450,14471,1200,16414,Medium,Rural,90,80,1865,"Football,Volleyball, Badminton, Cricket"
University of Kentucky,Lexington,Kentucky,Private,"Business, Agriculture",300,607,18820,1367,15193,Medium,Suburban,87,96,1865,"Football,Volleyball, Badminton, Cricket"
University of La Verne,La Verne,California,Private,"Physics, Health_Science",324,705,16027,2249,20662,Small,Urban,84,76,1891,"Basketball, Badminton, Cricket"
University of Louisiana at Lafayette,Lafayette,Louisiana,Private,"Criminal_Justice, Health_Science",299,550,28252,1438,19304,Medium,Urban,84,80,1898,"Football,Volleyball, Badminton, Cricket"
University of Louisiana--Monroe,Monroe,Louisiana,Private,"Physics, Computer_Science",314,637,24234,1911,19886,Very Large,Urban,84,96,1931,"Football, Basketball, Volleyball, Badminton, Tennis, Cricket"
University of Louisville,Louisville,Kentucky,Private,"Business, Nursing, Agriculture",299,513,33620,1596,20015,Medium,Rural,90,94,1798,"Football,Volleyball, Badminton, Cricket"
University of Maine,Orono,Maine,Private,"Mathematics, Design",303,623,27406,2344,21667,Medium,Rural,85,85,1865,"Football,Volleyball, Badminton, Cricket"
University of Mary,Bismarck,North Dakota,Private,"Health_Science, Design",306,610,39920,1737,15716,Medium,Urban,87,82,1955,"Football,Volleyball, Badminton, Cricket"
University of Maryland Eastern Shore,Princess Anne,Maryland,Private,"Criminal_Justice, Health_Science",290,318,19606,1341,17979,Very Large,Rural,90,82,1886,"Football, Basketball, Volleyball, Badminton, Tennis, Cricket"
University of Maryland--Baltimore County,Baltimore,Maryland,Private,"Agriculture, Mathematics",302,580,29584,2105,17286,Very Large,Urban,89,98,1966,"Football, Basketball, Volleyball, Badminton, Tennis, Cricket"
University of Maryland--College Park,College Park,Maryland,Private,"Psychology, Biology",299,590,26642,2304,21639,Large,Suburban,88,89,1856,"Football, Basketball, Badminton, Cricket"
University of Massachusetts--Amherst,Amherst,Massachusetts,Private,"Mathematics, Health_Science",299,550,23769,1231,20803,Very Large,Suburban,90,98,1863,"Football, Basketball, Volleyball, Badminton, Tennis, Cricket"
University of Massachusetts--Boston,Boston,Massachusetts,Private,"Computer_Science, Physics",293,560,12809,1615,15518,Small,Urban,84,83,1852,"Basketball, Badminton, Cricket"
University of Massachusetts--Dartmouth,North Dartmouth,Massachusetts,Private,"Design, Criminal_Justice",299,500,20798,1473,17328,Small,Urban,98,91,1895,"Basketball, Badminton, Cricket"
University of Massachusetts--Lowell,Lowell,Massachusetts,Private,"Mathematics, Design",160,640,4198,1374,17174,Medium,Rural,94,89,1894,"Football,Volleyball, Badminton, Cricket"
University of Memphis,Memphis,Tennessee,Private,"Business, Psychology",274,550,29299,1488,21481,Large,Suburban,96,75,1912,"Football, Basketball, Badminton, Cricket"
University of Miami,Coral Gables,Florida,Private,"Nursing, Business",257,550,17190,1671,20359,Large,Urban,86,77,1925,"Football, Basketball, Badminton, Cricket"
University of Michigan--Ann Arbor,Ann Arbor,Michigan,Private,"Business, Nursing, Agriculture",301,545,31008,1729,20609,Medium,Urban,85,83,1817,"Football,Volleyball, Badminton, Cricket"
University of Michigan--Flint,Flint,Michigan,Private,"Biology, Health_Science",310,650,16070,1964,20736,Small,Urban,88,94,1956,"Basketball, Badminton, Cricket"
University of Minnesota--Twin Cities,Minneapolis,Minnesota,Private,"Computer_Science, Biology",160,640,24210,2326,18383,Small,Suburban,87,94,1851,"Basketball, Badminton, Cricket"
University of Mississippi,University,Mississippi,Private,"Design, Criminal_Justice",274,550,25600,2203,19464,Large,Suburban,98,88,1844,"Football, Basketball, Badminton, Cricket"
University of Missouri,Columbia,Missouri,Private,"Computer_Sciences, Agriculture, Health_Sciences",260,640,30014,1829,16707,Medium,Rural,86,78,1839,"Football,Volleyball, Badminton, Cricket"
University of Missouri--Kansas City,Kansas City,Missouri,Private,"Physics, Health_Science",326,729,34290,2315,17116,Large,Suburban,100,88,1933,"Football, Basketball, Badminton, Cricket"
University of Missouri--St. Louis,St. Louis,Missouri,Private,"Criminal_Justice, Health_Science",260,580,24988,2443,20468,Small,Urban,84,99,1963,"Basketball, Badminton, Cricket"
University of Montana,Missoula,Montana,Private,"Physics, Computer_Science",322,760,34762,1406,16288,Large,Urban,90,79,1893,"Football, Basketball, Badminton, Cricket"
University of Nebraska--Lincoln,Lincoln,Nebraska,Private,"Business, Nursing, Agriculture",310,670,31320,2455,21945,Large,Suburban,84,76,1869,"Football, Basketball, Badminton, Cricket"
University of Nebraska--Omaha,Omaha,Nebraska,Private,"Mathematics, Design",299,550,24430,1759,21575,Small,Urban,87,99,1908,"Basketball, Badminton, Cricket"
University of Nevada--Las Vegas,Las Vegas,Nevada,Private,"Health_Science, Design",274,607,16480,1985,21835,Medium,Urban,94,80,1957,"Football,Volleyball, Badminton, Cricket"
University of Nevada--Reno,Reno,Nevada,Private,"Criminal_Justice, Health_Science",207,425,12573,1298,15198,Small,Suburban,96,86,1874,"Basketball, Badminton, Cricket"
University of New England,Biddeford,Maine,Private,"Agriculture, Mathematics",282,726,31250,1745,19967,Medium,Rural,87,99,1939,"Football,Volleyball, Badminton, Cricket"
University of New Hampshire,Durham,New Hampshire,Private,"Business, Psychology",256,445,29998,1893,15448,Medium,Rural,94,85,1866,"Football,Volleyball, Badminton, Cricket"
University of New Mexico,Albuquerque,New Mexico,Private,"Mathematics, Physics",205,570,14090,2297,16404,Very Large,Suburban,94,97,1889,"Football, Basketball, Volleyball, Badminton, Tennis, Cricket"
University of New Orleans,New Orleans,Louisiana,Private,"Design, Agriculture",279,640,13290,2330,17790,Medium,Urban,93,90,1958,"Football,Volleyball, Badminton, Cricket"
University of North Carolina--Chapel Hill,Chapel Hill,North Carolina,Private,"Computer_Science, Physics",310,570,21396,1746,21311,Small,Urban,95,91,1789,"Basketball, Badminton, Cricket"
University of North Carolina--Charlotte,Charlotte,North Carolina,Private,"Business, Nursing",317,710,17800,2253,15263,Medium,Rural,83,93,1946,"Football,Volleyball, Badminton, Cricket"
University of North Carolina--Wilmington,Wilmington,North Carolina,Private,"Mathematics, Health_Science",305,500,20430,1861,18496,Medium,Urban,86,96,1947,"Football,Volleyball, Badminton, Cricket"
University of North Dakota,Grand Forks,North Dakota,Private,"Criminal_Justice, Design",280,450,24494,2400,16351,Medium,Urban,98,87,1883,"Football,Volleyball, Badminton, Cricket"
University of North Florida,Jacksonville,Florida,Private,"Physics, Biology",270,450,20570,2385,20925,Very Large,Urban,95,87,1972,"Football, Basketball, Volleyball, Badminton, Tennis, Cricket"
University of North Texas,Denton,Texas,Private,"Computer_Science, Criminal_Justice, Nursing",304,535,17464,2267,21517,Medium,Urban,95,83,1890,"Football,Volleyball, Badminton, Cricket"
University of Northern Colorado,Greeley,Colorado,Private,"Business, Computer_Science",310,550,7584,1318,18605,Medium,Suburban,88,82,1889,"Football,Volleyball, Badminton, Cricket"
University of Notre Dame,Notre Dame,Indiana,Private,"Psychology, Nursing",300,430,9445,2377,16312,Small,Rural,99,88,1842,"Basketball, Badminton, Cricket"
University of Oklahoma,Norman,Oklahoma,Private,"Computer_Science, Business",299,500,34968,2405,15446,Large,Urban,94,93,1890,"Football, Basketball, Badminton, Cricket"
University of Oregon,Eugene,Oregon,Private,"Psychology, Business",290,570,21616,1490,19399,Medium,Rural,96,85,1876,"Football,Volleyball, Badminton, Cricket"
University of Pennsylvania,Philadelphia,Pennsylvania,Private,"Biology, Health_Sciences",304,610,22826,2225,15532,Small,Rural,89,91,1740,"Basketball, Badminton, Cricket"
University of Phoenix,Phoenix,Arizona,Private,"Biology, Computer_Science",280,600,24910,1464,16522,Very Large,Urban,95,84,1976,"Football, Basketball, Volleyball, Badminton, Tennis, Cricket"
University of Pittsburgh--Pittsburgh Campus,Pittsburgh,Pennsylvania,Private,"Agriculture, Nursing",310,700,18640,1408,18620,Medium,Rural,99,88,1787,"Football,Volleyball, Badminton, Cricket"
University of Puerto Rico--Rio Piedras,San Juan,Puerto Rico,Private,"Health_Science, Business",280,450,31085,1621,18727,Medium,Rural,88,98,1903,"Football,Volleyball, Badminton, Cricket"
University of Rhode Island,Kingston,Rhode Island,Private,"Nursing, Psychology",309,605,15673,1674,20415,Small,Suburban,87,79,1892,"Basketball, Badminton, Cricket"
University of Rochester,Rochester,New York,Private,"Psychology, Computer_Science",300,550,20302,2375,17116,Medium,Suburban,83,79,1850,"Football,Volleyball, Badminton, Cricket"
University of Saint Joseph,West Hartford,Connecticut,Private,"Biology, Physics",309,560,16608,1529,21611,Very Large,Suburban,95,96,1932,"Football, Basketball, Volleyball, Badminton, Tennis, Cricket"
University of San Diego,San Diego,California,Private,"Business, Agriculture",300,500,18480,1426,21863,Medium,Urban,85,88,1949,"Football,Volleyball, Badminton, Cricket"
University of San Francisco,San Francisco,California,Private,"Physics, Health_Science",267,710,11325,1894,19316,Large,Urban,95,85,1855,"Football, Basketball, Badminton, Cricket"
University of South Alabama,Mobile,Alabama,Private,"Nursing, Business",149,450,12478,1816,16830,Very Large,Suburban,93,97,1963,"Football, Basketball, Volleyball, Badminton, Tennis, Cricket"
University of South Carolina,Columbia,South Carolina,Private,"Psychology, Agriculture",300,425,20448,1479,21923,Medium,Suburban,97,97,1801,"Football,Volleyball, Badminton, Cricket"
University of South Dakota,Vermillion,South Dakota,Private,"Psychology, Nursing",309,624,24708,1761,19495,Large,Rural,95,82,1862,"Football, Basketball, Badminton, Cricket"
University of South Florida,Tampa,Florida,Private,"Computer_Science, Business",290,460,29926,1250,18540,Large,Rural,88,86,1956,"Football, Basketball, Badminton, Cricket"
University of Southern California,Los Angeles,California,Private,"Psychology, Business",300,620,34136,1234,18850,Small,Rural,100,75,1880,"Basketball, Badminton, Cricket"
University of Southern Mississippi,Hattiesburg,Mississippi,Private,"Biology, Health_Sciences",299,550,5510,1235,18273,Very Large,Rural,97,85,1910,"Football, Basketball, Volleyball, Badminton, Tennis, Cricket"
University of St. Francis,Joliet,Illinois,Private,"Biology, Computer_Science",310,710,31493,1291,16024,Large,Rural,88,81,1914,"Football, Basketball, Badminton, Cricket"
University of St. Thomas (MN),Saint Paul,Minnesota,Private,"Agriculture, Nursing",312,600,12300,1763,19679,Medium,Rural,83,97,1885,"Football,Volleyball, Badminton, Cricket"
University of Tennessee,Knoxville,Tennessee,Private,"Health_Science, Business",290,525,25975,1998,15205,Large,Suburban,83,83,1794,"Football, Basketball, Badminton, Cricket"
University of Tennessee--Chattanooga,Chattanooga,Tennessee,Private,"Nursing, Psychology",300,550,21616,1754,21930,Large,Urban,99,80,1886,"Football, Basketball, Badminton, Cricket"
University of Texas at Arlington,Arlington,Texas,Private,"Psychology, Computer_Science",307,640,21910,1283,17149,Large,Urban,94,87,1895,"Football, Basketball, Badminton, Cricket"
University of Texas at Austin,Austin,Texas,Private,"Biology, Physics",325,710,22266,2002,21156,Very Large,Rural,100,75,1883,"Football, Basketball, Volleyball, Badminton, Tennis, Cricket"
University of Texas at Dallas,Richardson,Texas,Private,"Business, Agriculture",300,550,23367,1785,20657,Large,Urban,84,75,1961,"Football, Basketball, Badminton, Cricket"
University of Texas at San Antonio,San Antonio,Texas,Private,"Physics, Health_Science",307,604,23106,1996,17018,Medium,Rural,85,84,1969,"Football,Volleyball, Badminton, Cricket"
University of Texas at Tyler,Tyler,Texas,Private,"Nursing, Business",295,610,21443,1869,21231,Medium,Urban,94,85,1971,"Football,Volleyball, Badminton, Cricket"
University of Texas--El Paso,El Paso,Texas,Private,"Psychology, Agriculture",274,680,24091,1923,17819,Large,Suburban,92,76,1914,"Football, Basketball, Badminton, Cricket"
University of Texas--Rio Grande Valley,Edinburg,Texas,Private,"Business, Nursing, Computer_Science",300,700,33408,1460,17089,Large,Suburban,87,76,2013,"Football, Basketball, Badminton, Cricket"
University of the Cumberlands,Williamsburg,Kentucky,Private,"Criminal_Justice, Health_Science",322,620,22474,1720,16477,Small,Rural,88,98,1888,"Basketball, Badminton, Cricket"
University of the Incarnate Word,San Antonio,Texas,Private,"Psychology, Nursing",308,530,26898,1419,19792,Large,Rural,87,96,1881,"Football, Basketball, Badminton, Cricket"
University of the Pacific,Stockton,California,Private,"Business, Physics",298,450,33298,1535,18793,Medium,Suburban,92,92,1851,"Football,Volleyball, Badminton, Cricket"
University of Toledo,Toledo,Ohio,Private,"Computer_Science, Business, Design",300,607,15686,1622,15847,Small,Urban,83,83,1872,"Basketball, Badminton, Cricket"
University of Tulsa,Tulsa,Oklahoma,Private,"Biology, Psychology",324,705,5820,2370,21677,Medium,Urban,84,88,1894,"Football,Volleyball, Badminton, Cricket"
University of Utah,Salt Lake City,Utah,Private,"Business, Nursing",299,550,15410,2219,16834,Medium,Urban,88,78,1850,"Football,Volleyball, Badminton, Cricket"
University of Vermont,Burlington,Vermont,Private,"Psychology, Business, Agriculture",314,637,86958,1903,17868,Very Large,Urban,86,90,1791,"Football, Basketball, Volleyball, Badminton, Tennis, Cricket"
University of Virginia,Charlottesville,Virginia,Private,"Physics, Criminal_Justice",299,513,18957,2262,16931,Medium,Rural,94,77,1819,"Football,Volleyball, Badminton, Cricket"
University of Washington,Seattle,Washington,Private,"Design, Computer_Science",286,490,32987,1334,16322,Small,Suburban,98,96,1861,"Basketball, Badminton, Cricket"
University of West Georgia,Carrollton,Georgia,Private,"Psychology, Biology",207,550,16433,2341,21989,Medium,Rural,90,86,1906,"Football,Volleyball, Badminton, Cricket"
University of Wisconsin--Madison,Madison,Wisconsin,Private,"Agriculture, Nursing",302,500,31400,1385,21407,Large,Rural,95,83,1848,"Football, Basketball, Badminton, Cricket"
University of Wisconsin--Milwaukee,Milwaukee,Wisconsin,Private,"Business, Health_Science, Criminal_Justice",307,538,25600,2306,17141,Large,Urban,87,90,1885,"Football, Basketball, Badminton, Cricket"
University of Wyoming,Laramie,Wyoming,Private,"Biology, Computer_Science",290,560,24110,1533,19564,Medium,Suburban,96,88,1886,"Football,Volleyball, Badminton, Cricket"
Utah State University,Logan,Utah,Private,"Design, Physics",299,550,21651,2230,18407,Large,Suburban,93,79,1888,"Football, Basketball, Badminton, Cricket"
Valdosta State University,Valdosta,Georgia,Private,"Agriculture, Business",290,530,20628,1522,21496,Medium,Rural,99,76,1906,"Football,Volleyball, Badminton, Cricket"
Valparaiso University,Valparaiso,Indiana,Private,"Criminal_Justice, Psychology",293,495,18968,1524,16155,Large,Urban,89,81,1859,"Football, Basketball, Badminton, Cricket"
Vanderbilt University,Nashville,Tennessee,Private,"Nursing, Biology",284,426,24622,1300,21071,Medium,Suburban,95,95,1873,"Football,Volleyball, Badminton, Cricket"
Villanova University,Villanova,Pennsylvania,Private,"Computer_Science, Physics",310,710,16762,1696,20740,Small,Rural,91,93,1842,"Basketball, Badminton, Cricket"
Virginia Commonwealth University,Richmond,Virginia,Private,"Health_Science, Design",240,590,22496,1252,15939,Medium,Suburban,94,86,1838,"Football,Volleyball, Badminton, Cricket"
Virginia Tech,Blacksburg,Virginia,Private,"Agriculture, Business",240,750,9552,1345,19589,Large,Urban,94,89,1872,"Football, Basketball, Badminton, Cricket"
Wake Forest University,Winston-Salem,North Carolina,Private,"Nursing, Criminal_Justice",293,495,20840,1982,21995,Small,Urban,90,93,1834,"Basketball, Badminton, Cricket"
Washburn University,Topeka,Kansas,Private,"Business, Psychology, Physics",267,710,11160,2246,17775,Small,Rural,83,76,1865,"Basketball, Badminton, Cricket"
Washington State University,Pullman,Washington,Private,"Physics, Health_Science",149,450,25966,1368,17386,Medium,Suburban,84,96,1890,"Football,Volleyball, Badminton, Cricket"
Washington University in St. Louis,St. Louis,Missouri,Private,"Psychology, Biology",300,425,25920,1866,19227,Small,Urban,85,95,1853,"Basketball, Badminton, Cricket"
Wayne State University,Detroit,Michigan,Private,"Computer_Science, Business, Design",305,530,25016,1675,18560,Very Large,Rural,93,93,1868,"Football, Basketball, Volleyball, Badminton, Tennis, Cricket"
West Virginia University,Morgantown,West Virginia,Private,"Nursing, Criminal_Justice",296,480,24952,2350,19247,Medium,Urban,97,90,1867,"Football,Volleyball, Badminton, Cricket"
Western Kentucky University,Bowling Green,Kentucky,Private,"Business, Physics",317,710,18733,1422,17802,Large,Rural,94,77,1906,"Football, Basketball, Badminton, Cricket"
Western Michigan University,Kalamazoo,Michigan,Private,"Design, Mathematics",300,550,9875,1927,17178,Medium,Suburban,97,85,1903,"Football,Volleyball, Badminton, Cricket"
Western New England University,Springfield,Massachusetts,Private,"Nursing, Biology",299,550,20818,2207,17944,Medium,Urban,93,93,1919,"Football,Volleyball, Badminton, Cricket"
Wichita State University,Wichita,Kansas,Private,"Criminal_Justice, Psychology",290,530,21432,1441,19191,Small,Suburban,99,79,1895,"Basketball, Badminton, Cricket"
Widener University,Chester,Pennsylvania,Private,"Computer_Science, Health_Science",293,495,21119,1499,18968,Very Large,Rural,94,77,1821,"Football, Basketball, Volleyball, Badminton, Tennis, Cricket"
Wilkes University,Wilkes-Barre,Pennsylvania,Private,"Biology, Physics",284,426,17638,1672,21020,Large,Suburban,94,89,1933,"Football, Basketball, Badminton, Cricket"
William & Mary,Williamsburg,Virginia,Private,"Business, Agriculture",310,710,19876,2239,18147,Large,Rural,95,80,1693,"Football, Basketball, Badminton, Cricket"
William Carey University,Hattiesburg,Mississippi,Private,"Physics, Health_Science",240,590,26496,1736,16461,Very Large,Rural,91,92,1892,"Football, Basketball, Volleyball, Badminton, Tennis, Cricket"
William Woods University,Fulton,Missouri,Private,"Criminal_Justice, Health_Science",240,750,18166,1497,19518,Medium,Suburban,94,98,1870,"Football,Volleyball, Badminton, Cricket"
Wilmington University,New Castle,Delaware,Private,"Physics, Computer_Science",299,550,14100,1349,17794,Medium,Suburban,98,98,1968,"Football,Volleyball, Badminton, Cricket"
Wingate University,Wingate,North Carolina,Private,"Business, Nursing, Agriculture",284,760,25930,1405,15415,Small,Suburban,99,77,1896,"Basketball, Badminton, Cricket"
Worcester Polytechnic Institute,Worcester,Massachusetts,Private,"Mathematics, Design",304,634,11750,1512,21452,Medium,Suburban,87,76,1865,"Football,Volleyball, Badminton, Cricket"
Wright State University,Dayton,Ohio,Private,"Health_Science, Design",290,489,40170,1932,16795,Very Large,Rural,85,88,1964,"Football, Basketball, Volleyball, Badminton, Tennis, Cricket"
Yale University,New Haven,Connecticut,Private,"Criminal_Justice, Health_Science",317,720,19097,1289,21884,Small,Urban,100,93,1701,"Basketball, Badminton, Cricket"
Yeshiva University,New York,New York,Private,"Physics, Mathemmatics",310,710,15480,1556,19858,Medium,Suburban,92,77,1886,"Football,Volleyball, Badminton, Cricket"
